1,16253,1,1,25070.52,-1
2,16253,2,2,25461.12,-1
3,16253,3,3,24370.03,-1
4,143,1,1,26260,-1
5,143,2,2,26260,-1
6,143,3,3,26260,0
7,16253,1,1,27500,-1
8,16253,2,2,27000,-1
9,16253,3,3,26000,-1
402,2,1,1,0,-1
403,2,2,2,0,-1
404,2,3,3,0,-1
405,3,1,1,0,0
406,3,2,2,0,0
407,3,3,3,0,0
408,4,1,1,0,-1
409,4,2,2,0,-1
410,4,3,3,0,-1
411,5,1,1,0,-1
412,5,2,2,0,-1
413,5,3,3,0,-1
414,6,1,1,0,-1
415,6,2,2,0,-1
416,6,3,3,0,-1
417,9,1,1,0,-1
418,9,2,2,0,-1
419,9,3,3,0,-1
420,12,1,1,0,-1
421,12,2,2,0,-1
422,12,3,3,0,-1
423,13,1,1,0,-1
424,13,2,2,0,-1
425,13,3,3,0,-1
426,14,1,1,0,-1
427,14,2,2,0,-1
428,14,3,3,0,-1
429,22,1,1,0,-1
430,22,2,2,0,-1
431,22,3,3,0,-1
432,23,1,1,0,-1
433,23,2,2,0,-1
434,23,3,3,0,-1
435,24,1,1,0,-1
436,24,2,2,0,-1
437,24,3,3,0,-1
438,25,1,1,0,0
439,25,2,2,0,0
440,25,3,3,0,0
441,26,1,1,0,-1
442,26,2,2,0,-1
443,26,3,3,0,-1
444,27,1,1,0,-1
445,27,2,2,0,-1
446,27,3,3,0,-1
447,28,1,1,0,-1
448,28,2,2,0,-1
449,28,3,3,0,-1
450,29,1,1,0,-1
451,29,2,2,0,-1
452,29,3,3,0,-1
453,30,1,1,0,-1
454,30,2,2,0,-1
455,30,3,3,0,-1
456,31,1,1,0,-1
457,31,2,2,0,-1
458,31,3,3,0,-1
459,32,1,1,0,-1
460,32,2,2,0,-1
461,32,3,3,0,-1
462,33,1,1,0,-1
463,33,2,2,0,-1
464,33,3,3,0,-1
465,34,1,1,0,-1
466,34,2,2,0,-1
467,34,3,3,0,-1
468,35,1,1,0,-1
469,35,2,2,0,-1
470,35,3,3,0,-1
471,36,1,1,0,-1
472,36,2,2,0,-1
473,36,3,3,0,-1
474,37,1,1,0,-1
475,37,2,2,0,-1
476,37,3,3,0,-1
477,38,1,1,0,-1
478,38,2,2,0,-1
479,38,3,3,0,-1
480,39,1,1,0,-1
481,39,2,2,0,-1
482,39,3,3,0,-1
483,40,1,1,0,-1
484,40,2,2,0,-1
485,40,3,3,0,-1
486,41,1,1,0,-1
487,41,2,2,0,-1
488,41,3,3,0,-1
489,42,1,1,0,-1
490,42,2,2,0,-1
491,42,3,3,0,-1
492,43,1,1,0,-1
493,43,2,2,0,-1
494,43,3,3,0,-1
495,44,1,1,0,-1
496,44,2,2,0,-1
497,44,3,3,0,-1
498,45,1,1,0,-1
499,45,2,2,0,-1
500,45,3,3,0,-1
501,47,1,1,0,-1
502,47,2,2,0,-1
503,47,3,3,0,-1
504,48,1,1,0,-1
505,48,2,2,0,-1
506,48,3,3,0,-1
507,49,1,1,0,-1
508,49,2,2,0,-1
509,49,3,3,0,-1
510,50,1,1,0,-1
511,50,2,2,0,-1
512,50,3,3,0,-1
513,53,1,1,0,-1
514,53,2,2,0,-1
515,53,3,3,0,-1
516,54,1,1,0,-1
517,54,2,2,0,-1
518,54,3,3,0,-1
519,56,1,1,0,-1
520,56,2,2,0,-1
521,56,3,3,0,-1
522,57,1,1,0,-1
523,57,2,2,0,-1
524,57,3,3,0,-1
525,59,1,1,0,-1
526,59,2,2,0,-1
527,59,3,3,0,-1
528,60,1,1,0,-1
529,60,2,2,0,-1
530,60,3,3,0,-1
531,61,1,1,0,-1
532,61,2,2,0,-1
533,61,3,3,0,-1
534,62,1,1,0,-1
535,62,2,2,0,-1
536,62,3,3,0,-1
537,63,1,1,0,-1
538,63,2,2,0,-1
539,63,3,3,0,-1
540,64,1,1,0,-1
541,64,2,2,0,-1
542,64,3,3,0,-1
543,65,1,1,0,-1
544,65,2,2,0,-1
545,65,3,3,0,-1
546,66,1,1,0,-1
547,66,2,2,0,-1
548,66,3,3,0,-1
549,67,1,1,0,-1
550,67,2,2,0,-1
551,67,3,3,0,-1
552,68,1,1,0,-1
553,68,2,2,0,-1
554,68,3,3,0,-1
555,69,1,1,0,-1
556,69,2,2,0,-1
557,69,3,3,0,-1
558,70,1,1,0,-1
559,70,2,2,0,-1
560,70,3,3,0,-1
561,71,1,1,0,0
562,71,2,2,0,0
563,71,3,3,0,0
564,72,1,1,0,-1
565,72,2,2,0,-1
566,72,3,3,0,-1
567,73,1,1,0,-1
568,73,2,2,0,-1
569,73,3,3,0,-1
570,74,1,1,0,0
571,74,2,2,0,0
572,74,3,3,0,0
573,75,1,1,0,-1
574,75,2,2,0,-1
575,75,3,3,0,-1
576,76,1,1,0,-1
577,76,2,2,0,-1
578,76,3,3,0,-1
579,77,1,1,0,-1
580,77,2,2,0,-1
581,77,3,3,0,-1
582,78,1,1,0,0
583,78,2,2,0,0
584,78,3,3,0,0
585,79,1,1,0,-1
586,79,2,2,0,-1
587,79,3,3,0,-1
588,80,1,1,0,-1
589,80,2,2,0,-1
590,80,3,3,0,-1
591,81,1,1,0,-1
592,81,2,2,0,-1
593,81,3,3,0,-1
594,82,1,1,0,0
595,82,2,2,0,0
596,82,3,3,0,0
597,90,1,1,860,-1
598,90,2,2,860,-1
599,90,3,3,860,-1
600,97,1,1,500,-1
601,97,2,2,500,-1
602,97,3,3,500,-1
603,98,1,1,500,-1
604,98,2,2,500,-1
605,98,3,3,500,-1
606,100,1,1,7805.83,-1
607,100,2,2,7805.83,-1
608,100,3,3,7805.83,-1
609,101,1,1,1200,-1
610,101,2,2,1200,-1
611,101,3,3,1200,-1
612,104,1,1,375,-1
613,104,2,2,375,-1
614,104,3,3,375,-1
615,105,1,1,350,-1
616,105,2,2,350,-1
617,105,3,3,350,-1
618,111,1,1,553.21,-1
619,111,2,2,553.21,-1
620,111,3,3,553.21,-1
621,112,1,1,0,-1
622,112,2,2,0,-1
623,112,3,3,0,-1
624,113,1,1,0,-1
625,113,2,2,0,-1
626,113,3,3,0,-1
627,114,1,1,0,-1
628,114,2,2,0,-1
629,114,3,3,0,-1
630,119,1,1,0,-1
631,119,2,2,0,-1
632,119,3,3,0,-1
633,121,1,1,720.66,-1
634,121,2,2,700.97,-1
635,121,3,3,720.57,-1
636,122,1,1,213.06,-1
637,122,2,2,212.61,-1
638,122,3,3,212.97,-1
639,123,1,1,454.49,-1
640,123,2,2,453.82,-1
641,123,3,3,454.36,-1
642,125,1,1,323.27,-1
643,125,2,2,314.51,-1
644,125,3,3,323.24,-1
645,129,1,1,1405.42,-1
646,129,2,2,1405.42,-1
647,129,3,3,1405.42,-1
648,130,1,1,1861.04,-1
649,130,2,2,1861.04,-1
650,130,3,3,1861.04,-1
651,144,1,1,24243.77,-1
652,144,2,2,25657.43,-1
653,144,3,3,25760.14,-1
743,16113,1,1,4636.56,-1
744,16113,2,2,4564.36,-1
745,16113,3,3,4351.66,-1
746,16116,1,1,0,-1
747,16116,2,2,0,-1
748,16116,3,3,0,-1
749,16117,1,1,0,-1
750,16117,2,2,0,-1
751,16117,3,3,0,-1
752,16118,1,1,0,-1
753,16118,2,2,0,-1
754,16118,3,3,0,-1
755,16119,1,1,4628.09,-1
756,16119,2,2,4637.76,-1
757,16119,3,3,4655.17,-1
758,16120,1,1,0,-1
759,16120,2,2,0,-1
760,16120,3,3,0,-1
761,16125,1,1,0,-1
762,16125,2,2,0,-1
763,16125,3,3,0,-1
764,16126,1,1,3975.54,-1
765,16126,2,2,4010.89,-1
766,16126,3,3,4010.89,-1
767,16127,1,1,4628.09,-1
768,16127,2,2,4637.76,-1
769,16127,3,3,4655.17,-1
770,16128,1,1,4710.7,-1
771,16128,2,2,4705.16,-1
772,16128,3,3,4702.57,-1
773,16130,1,1,4710.7,-1
774,16130,2,2,4705.16,-1
775,16130,3,3,4702.57,-1
776,16134,1,1,5496.26,-1
777,16134,2,2,5468.28,-1
778,16134,3,3,5468.28,-1
779,16135,1,1,4628.09,-1
780,16135,2,2,4637.76,-1
781,16135,3,3,4655.17,-1
782,16136,1,1,0,-1
783,16136,2,2,0,-1
784,16136,3,3,0,-1
785,16137,1,1,7680.5,-1
786,16137,2,2,7613.74,-1
787,16137,3,3,7598.35,-1
788,16138,1,1,7939.96,-1
789,16138,2,2,7400.97,-1
790,16138,3,3,7400.97,-1
791,16139,1,1,3698.22,-1
792,16139,2,2,3705.08,-1
793,16139,3,3,3706.58,-1
794,16141,1,1,5403.64,-1
795,16141,2,2,5403.64,-1
796,16141,3,3,5403.64,-1
797,16142,1,1,12912.54,-1
798,16142,2,2,12912.54,-1
799,16142,3,3,12912.54,-1
800,16143,1,1,9727.87,-1
801,16143,2,2,9058.35,-1
802,16143,3,3,8617.48,-1
803,16144,1,1,0,-1
804,16144,2,2,0,-1
805,16144,3,3,0,-1
806,16145,1,1,7527.71,-1
807,16145,2,2,7149.69,-1
808,16145,3,3,6952.26,-1
809,16146,1,1,0,-1
810,16146,2,2,0,-1
811,16146,3,3,0,-1
812,16147,1,1,6513.23,-1
813,16147,2,2,6507.56,-1
814,16147,3,3,6504.89,-1
815,16149,1,1,8897.92,-1
816,16149,2,2,8476.16,-1
817,16149,3,3,7942.26,-1
818,16150,1,1,8278.73,-1
819,16150,2,2,8278.73,-1
820,16150,3,3,8278.73,-1
821,16151,1,1,0,-1
822,16151,2,2,0,-1
823,16151,3,3,0,-1
824,16152,1,1,12991.36,-1
825,16152,2,2,12100.64,-1
826,16152,3,3,11434.43,-1
827,16153,1,1,0,-1
828,16153,2,2,0,-1
829,16153,3,3,0,-1
830,16154,1,1,0,-1
831,16154,2,2,0,-1
832,16154,3,3,0,-1
833,16155,1,1,12896.08,-1
834,16155,2,2,11772.51,-1
835,16155,3,3,11502.2,-1
836,16156,1,1,9215.43,-1
837,16156,2,2,8703.92,-1
838,16156,3,3,8542.78,-1
839,16157,1,1,3698.22,-1
840,16157,2,2,3705.08,-1
841,16157,3,3,3706.58,-1
842,16158,1,1,3698.22,-1
843,16158,2,2,3705.08,-1
844,16158,3,3,3706.58,-1
845,16159,1,1,0,-1
846,16159,2,2,0,-1
847,16159,3,3,0,-1
848,16161,1,1,3468.91,-1
849,16161,2,2,3468.91,-1
850,16161,3,3,3468.91,-1
851,16167,1,1,0,-1
852,16167,2,2,14861.53,-1
853,16167,3,3,0,-1
854,16168,1,1,0,-1
855,16168,2,2,0,-1
856,16168,3,3,0,-1
857,16169,1,1,19521,-1
858,16169,2,2,20927.3,-1
859,16169,3,3,20927.3,-1
860,16170,1,1,17259.68,-1
861,16170,2,2,18889.13,-1
862,16170,3,3,18874.25,-1
863,16172,1,1,27393,-1
864,16172,2,2,27393,-1
865,16172,3,3,31164.4,-1
866,16173,1,1,29106,-1
867,16173,2,2,29106,-1
868,16173,3,3,33537.29,-1
869,16174,1,1,0,-1
870,16174,2,2,0,-1
871,16174,3,3,15858,-1
872,16176,1,1,0,-1
873,16176,2,2,0,-1
874,16176,3,3,0,-1
875,16183,1,1,0,-1
876,16183,2,2,0,-1
877,16183,3,3,0,-1
878,16185,1,1,0,-1
879,16185,2,2,0,-1
880,16185,3,3,0,-1
881,16186,1,1,0,-1
882,16186,2,2,0,-1
883,16186,3,3,0,-1
884,16187,1,1,0,-1
885,16187,2,2,0,-1
886,16187,3,3,25456,-1
887,16190,1,1,19780.66,-1
888,16190,2,2,21736.27,-1
889,16190,3,3,22035.97,-1
890,16193,1,1,0,-1
891,16193,2,2,0,-1
892,16193,3,3,0,-1
893,16194,1,1,16099.58,-1
894,16194,2,2,16099.58,-1
895,16194,3,3,17969.13,-1
896,16195,1,1,6000,-1
897,16195,2,2,6000,-1
898,16195,3,3,6000,-1
899,16196,1,1,5420.67,-1
900,16196,2,2,5420.67,-1
901,16196,3,3,5420.67,-1
902,16197,1,1,22247.15,-1
903,16197,2,2,26079.15,-1
904,16197,3,3,26079.15,-1
905,16199,1,1,17642.84,-1
906,16199,2,2,17642.54,-1
907,16199,3,3,19214.16,-1
908,16200,1,1,4531.93,-1
909,16200,2,2,4531.93,-1
910,16200,3,3,4531.93,-1
911,16201,1,1,19856.44,-1
912,16201,2,2,21592.45,-1
913,16201,3,3,21591.44,-1
914,16202,1,1,14287.29,-1
915,16202,2,2,14287.29,-1
916,16202,3,3,20185.43,-1
917,16203,1,1,0,-1
918,16203,2,2,0,-1
919,16203,3,3,0,-1
920,16206,1,1,0,-1
921,16206,2,2,0,-1
922,16206,3,3,0,-1
923,16207,1,1,0,-1
924,16207,2,2,14861.53,-1
925,16207,3,3,0,-1
926,16208,1,1,22079.75,-1
927,16208,2,2,24294.7,-1
928,16208,3,3,24948.68,-1
929,16209,1,1,0,-1
930,16209,2,2,0,-1
931,16209,3,3,0,-1
932,16210,1,1,18774.64,-1
933,16210,2,2,20211.28,-1
934,16210,3,3,20618.72,-1
935,16211,1,1,14287.29,-1
936,16211,2,2,14287.29,-1
937,16211,3,3,20185.43,-1
938,16212,1,1,0,-1
939,16212,2,2,0,-1
940,16212,3,3,0,-1
941,16213,1,1,0,-1
942,16213,2,2,0,-1
943,16213,3,3,0,-1
944,16215,1,1,80079.84,-1
945,16215,2,2,80079.84,-1
946,16215,3,3,80079.84,-1
947,16216,1,1,6499.9154,-1
948,16216,2,2,6499.9154,-1
949,16216,3,3,6499.9154,-1
950,16218,1,1,268374.92,-1
951,16218,2,2,269263.77,-1
952,16218,3,3,360942.77,-1
953,16219,1,1,214624.27,-1
954,16219,2,2,316252.63,-1
955,16219,3,3,368334.88,-1
956,16221,1,1,1262882.37,-1
957,16221,2,2,1291248.35,-1
958,16221,3,3,1306553.55,-1
959,16222,1,1,1747291.19,-1
960,16222,2,2,1763996.35,-1
961,16222,3,3,1780973.08,-1
962,16223,1,1,44673.57,-1
963,16223,2,2,44673.57,-1
964,16223,3,3,44673.57,-1
965,16224,1,1,4100000,-1
966,16224,2,2,4100000,-1
967,16224,3,3,4100000,-1
968,16225,1,1,222353.69,-1
969,16225,2,2,222353.69,-1
970,16225,3,3,222353.69,-1
971,16226,1,1,200000,-1
972,16226,2,2,200000,-1
973,16226,3,3,200000,-1
974,16227,1,1,200000,-1
975,16227,2,2,200000,-1
976,16227,3,3,200000,-1
977,16228,1,1,1408539.472,-1
978,16228,2,2,1408515,-1
979,16228,3,3,1408515,-1
980,16229,1,1,3417697.915,-1
981,16229,2,2,3417697.915,-1
982,16229,3,3,3417697.915,-1
983,16230,1,1,130552.92,-1
984,16230,2,2,132231.78,-1
985,16230,3,3,133984.64,-1
986,16232,1,1,0,-1
987,16232,2,2,0,-1
988,16232,3,3,0,-1
989,16233,1,1,1843468.58,-1
990,16233,2,2,1914861.34,-1
991,16233,3,3,1950309.9,-1
992,16234,1,1,1733315.025,-1
993,16234,2,2,1733315.025,-1
994,16234,3,3,1733315.025,-1
995,16235,1,1,1505991.78,-1
996,16235,2,2,1505991.78,-1
997,16235,3,3,1505991.78,-1
998,16236,1,1,2015910.483,-1
999,16236,2,2,2015898.403,-1
1000,16236,3,3,2015897.586,-1
1001,16237,1,1,127691.64,-1
1002,16237,2,2,129688.11,-1
1003,16237,3,3,131709.73,-1
1004,16238,1,1,127691.64,-1
1005,16238,2,2,129688.11,-1
1006,16238,3,3,131709.73,-1
1007,16239,1,1,73002.6439,-1
1008,16239,2,2,73002.6439,-1
1009,16239,3,3,73002.6439,-1
1010,16240,1,1,162583.81,-1
1011,16240,2,2,175395.3,-1
1012,16240,3,3,181272.17,-1
1013,16241,1,1,80079.84,-1
1014,16241,2,2,80079.84,-1
1015,16241,3,3,80079.84,-1
1016,16242,1,1,350000,-1
1017,16242,2,2,350000,-1
1018,16242,3,3,350000,-1
1019,16243,1,1,169453.1431,-1
1020,16243,2,2,169453.1431,-1
1021,16243,3,3,169453.1431,-1
1022,16244,1,1,381079.164,-1
1023,16244,2,2,380646.1247,-1
1024,16244,3,3,380574.2143,-1
1025,16245,1,1,32712.93,-1
1026,16245,2,2,32712.93,-1
1027,16245,3,3,39847.72,-1
1028,16246,1,1,263982.42,-1
1029,16246,2,2,268748.74,-1
1030,16246,3,3,271241.61,-1
1031,16247,1,1,19645.32,-1
1032,16247,2,2,19645.32,-1
1033,16247,3,3,19645.32,-1
1034,16248,1,1,135182.49,-1
1035,16248,2,2,135182.49,-1
1036,16248,3,3,135182.49,-1
1037,16249,1,1,268852.2748,-1
1038,16249,2,2,261805.5292,-1
1039,16249,3,3,257429.855,-1
1040,16250,1,1,559322.0339,-1
1041,16250,2,2,559322.0339,-1
1042,16250,3,3,559322.0339,-1
1043,16251,1,1,0,-1
1044,16251,2,2,0,-1
1045,16251,3,3,0,-1
1046,16252,1,1,332640.49,-1
1047,16252,2,2,336173.58,-1
1048,16252,3,3,337891.84,-1
1049,16253,1,1,25967,-1
1050,16253,2,2,26080.09,-1
1051,16253,3,3,25202.26,-1
1052,16254,1,1,0,0
1053,16254,2,2,0,0
1054,16254,3,3,0,0
1055,16255,1,1,169588.25,-1
1056,16255,2,2,176200.51,-1
1057,16255,3,3,178434.29,-1
1058,16256,1,1,0,-1
1059,16256,2,2,0,-1
1060,16256,3,3,0,-1
1061,16257,1,1,208052.89,-1
1062,16257,2,2,212197.18,-1
1063,16257,3,3,213892.39,-1
1064,16258,1,1,209845.38,-1
1065,16258,2,2,214592.01,-1
1066,16258,3,3,219082.29,-1
1067,16259,1,1,149324.82,-1
1068,16259,2,2,149324.82,-1
1069,16259,3,3,149324.82,-1
1070,16261,1,1,88005,0
1071,16261,2,2,83587.1,0
1072,16261,3,3,81012.96,0
1073,16262,1,1,2665505.55,-1
1074,16262,2,2,2718906.6,-1
1075,16262,3,3,2745408.66,-1
1076,16263,1,1,263096.71,-1
1077,16263,2,2,277257.39,-1
1078,16263,3,3,282529.28,-1
1079,16264,1,1,243122.5827,-1
1080,16264,2,2,243122.5827,-1
1081,16264,3,3,243122.5827,-1
1082,16265,1,1,229264.6415,-1
1083,16265,2,2,229608.8309,-1
1084,16265,3,3,229851.1852,-1
1085,16266,1,1,259927.27,-1
1086,16266,2,2,259927.27,-1
1087,16266,3,3,259746.38,-1
1088,16267,1,1,226916.6592,-1
1089,16267,2,2,226108.1219,-1
1090,16267,3,3,225394.1002,-1
1091,16268,1,1,226916.6592,-1
1092,16268,2,2,226108.1219,-1
1093,16268,3,3,225394.1002,-1
1094,16269,1,1,226916.6592,-1
1095,16269,2,2,226108.1219,-1
1096,16269,3,3,225394.1002,-1
1097,16270,1,1,36608.674,-1
1098,16270,2,2,36608.674,-1
1099,16270,3,3,36608.674,-1
1100,16271,1,1,70648.7088,-1
1101,16271,2,2,76529.0235,-1
1102,16271,3,3,79153.1988,-1
1103,16272,1,1,35399,-1
1104,16272,2,2,35399,-1
1105,16272,3,3,35399,-1
1106,16273,1,1,70648.7088,-1
1107,16273,2,2,76529.0235,-1
1108,16273,3,3,79153.1988,-1
1109,16274,1,1,39998.9358,-1
1110,16274,2,2,39998.9358,-1
1111,16274,3,3,39998.9358,-1
1112,16275,1,1,44109,-1
1113,16275,2,2,44109,-1
1114,16275,3,3,44109,-1
1115,16276,1,1,42010.8592,-1
1116,16276,2,2,42328.5445,-1
1117,16276,3,3,42633.3076,-1
1118,16277,1,1,42010.8592,-1
1119,16277,2,2,42328.5445,-1
1120,16277,3,3,42633.3076,-1
1121,16278,1,1,39883.6997,-1
1122,16278,2,2,40284.6559,-1
1123,16278,3,3,40577.7306,-1
1124,16279,1,1,226916.6592,-1
1125,16279,2,2,226108.1219,-1
1126,16279,3,3,225394.1002,-1
1127,16280,1,1,1150000,-1
1128,16280,2,2,1150000,-1
1129,16280,3,3,1150000,-1
1130,16281,1,1,1150000,-1
1131,16281,2,2,1150000,-1
1132,16281,3,3,1150000,-1
1133,16282,1,1,1150000,-1
1134,16282,2,2,1150000,-1
1135,16282,3,3,1150000,-1
1136,16283,1,1,121555.605,-1
1137,16283,2,2,121555.605,-1
1138,16283,3,3,121555.605,-1
1139,16284,1,1,310809,-1
1140,16284,2,2,310809,-1
1141,16284,3,3,310809,-1
1142,16285,1,1,310809,-1
1143,16285,2,2,310809,-1
1144,16285,3,3,310809,-1
1145,16286,1,1,335249.94,-1
1146,16286,2,2,348477.7452,-1
1147,16286,3,3,359422.0708,-1
1148,16287,1,1,335249.94,-1
1149,16287,2,2,348477.7452,-1
1150,16287,3,3,359422.0708,-1
1151,16288,1,1,335249.94,-1
1152,16288,2,2,348477.7452,-1
1153,16288,3,3,359422.0708,-1
1154,16289,1,1,335249.94,-1
1155,16289,2,2,348477.7452,-1
1156,16289,3,3,359422.0708,-1
1157,16290,1,1,335249.94,-1
1158,16290,2,2,348477.7452,-1
1159,16290,3,3,359422.0708,-1
1160,16291,1,1,335249.94,-1
1161,16291,2,2,348477.7452,-1
1162,16291,3,3,359422.0708,-1
1163,16292,1,1,335249.94,-1
1164,16292,2,2,348477.7452,-1
1165,16292,3,3,359422.0708,-1
1166,16293,1,1,335249.94,-1
1167,16293,2,2,348477.7452,-1
1168,16293,3,3,359422.0708,-1
1169,16294,1,1,335249.94,-1
1170,16294,2,2,348477.7452,-1
1171,16294,3,3,359422.0708,-1
1172,16295,1,1,335249.94,-1
1173,16295,2,2,348477.7452,-1
1174,16295,3,3,359422.0708,-1
1175,16296,1,1,335249.94,-1
1176,16296,2,2,348477.7452,-1
1177,16296,3,3,359422.0708,-1
1178,16297,1,1,335249.94,-1
1179,16297,2,2,348477.7452,-1
1180,16297,3,3,359422.0708,-1
1181,16298,1,1,335249.94,-1
1182,16298,2,2,348477.7452,-1
1183,16298,3,3,359422.0708,-1
1184,16299,1,1,335249.94,-1
1185,16299,2,2,348477.7452,-1
1186,16299,3,3,359422.0708,-1
1187,16300,1,1,335249.94,-1
1188,16300,2,2,348477.7452,-1
1189,16300,3,3,359422.0708,-1
1190,16301,1,1,335249.94,-1
1191,16301,2,2,348477.7452,-1
1192,16301,3,3,359422.0708,-1
1193,16302,1,1,335249.94,-1
1194,16302,2,2,348477.7452,-1
1195,16302,3,3,359422.0708,-1
1196,16303,1,1,335249.94,-1
1197,16303,2,2,348477.7452,-1
1198,16303,3,3,359422.0708,-1
1199,16304,1,1,273721.7244,-1
1200,16304,2,2,273721.7244,-1
1201,16304,3,3,273721.7244,-1
1202,16305,1,1,335249.94,-1
1203,16305,2,2,348477.7452,-1
1204,16305,3,3,359422.0708,-1
1205,16306,1,1,273721.7244,-1
1206,16306,2,2,273721.7244,-1
1207,16306,3,3,273721.7244,-1
1208,16307,1,1,335249.94,-1
1209,16307,2,2,348477.7452,-1
1210,16307,3,3,359422.0708,-1
1211,16308,1,1,273721.7244,-1
1212,16308,2,2,273721.7244,-1
1213,16308,3,3,273721.7244,-1
1214,16309,1,1,335249.94,-1
1215,16309,2,2,348477.7452,-1
1216,16309,3,3,359422.0708,-1
1217,16310,1,1,362358.6855,-1
1218,16310,2,2,362358.6855,-1
1219,16310,3,3,362358.6855,-1
1220,16311,1,1,362358.6855,-1
1221,16311,2,2,362358.6855,-1
1222,16311,3,3,362358.6855,-1
1223,16312,1,1,362358.6855,-1
1224,16312,2,2,362358.6855,-1
1225,16312,3,3,362358.6855,-1
1226,16313,1,1,369979.819,-1
1227,16313,2,2,369979.819,-1
1228,16313,3,3,369979.819,-1
1229,16314,1,1,369979.819,-1
1230,16314,2,2,369979.819,-1
1231,16314,3,3,369979.819,-1
1232,16315,1,1,369979.819,-1
1233,16315,2,2,369979.819,-1
1234,16315,3,3,369979.819,-1
1235,16316,1,1,329224.7719,-1
1236,16316,2,2,329224.7719,-1
1237,16316,3,3,329224.7719,-1
1238,16317,1,1,329224.7719,-1
1239,16317,2,2,329224.7719,-1
1240,16317,3,3,329224.7719,-1
1241,16318,1,1,327546.5025,-1
1242,16318,2,2,327546.5025,-1
1243,16318,3,3,327546.5025,-1
1244,16319,1,1,280000,-1
1245,16319,2,2,280000,-1
1246,16319,3,3,280000,-1
1247,16320,1,1,1072892.703,-1
1248,16320,2,2,1072892.703,-1
1249,16320,3,3,1072892.703,-1
1250,16321,1,1,1072892.703,-1
1251,16321,2,2,1072892.703,-1
1252,16321,3,3,1072892.703,-1
1253,16322,1,1,1072892.703,-1
1254,16322,2,2,1072892.703,-1
1255,16322,3,3,1072892.703,-1
1256,16323,1,1,370043.01,-1
1257,16323,2,2,370043.01,-1
1258,16323,3,3,370043.01,-1
1259,16324,1,1,364500,-1
1260,16324,2,2,364500,-1
1261,16324,3,3,364500,-1
1262,16325,1,1,1978126.394,-1
1263,16325,2,2,1978126.394,-1
1264,16325,3,3,1978126.394,-1
1265,16326,1,1,280000,-1
1266,16326,2,2,280000,-1
1267,16326,3,3,280000,-1
1268,16327,1,1,39998.9358,-1
1269,16327,2,2,39998.9358,-1
1270,16327,3,3,39998.9358,-1
1271,16328,1,1,45474,-1
1272,16328,2,2,45474,-1
1273,16328,3,3,45474,-1
1274,16329,1,1,42010.8592,-1
1275,16329,2,2,42328.5445,-1
1276,16329,3,3,42633.3076,-1
1277,16330,1,1,42010.8592,-1
1278,16330,2,2,42328.5445,-1
1279,16330,3,3,42633.3076,-1
1280,16331,1,1,39883.6997,-1
1281,16331,2,2,40284.6559,-1
1282,16331,3,3,40577.7306,-1
1283,16332,1,1,43935.5068,-1
1284,16332,2,2,43935.5068,-1
1285,16332,3,3,43935.5068,-1
1286,16333,1,1,12759.1072,-1
1287,16333,2,2,12759.1072,-1
1288,16333,3,3,12759.1072,-1
1289,16334,1,1,12759.1072,-1
1290,16334,2,2,12759.1072,-1
1291,16334,3,3,12759.1072,-1
1292,16335,1,1,46993.0865,-1
1293,16335,2,2,47982.2543,-1
1294,16335,3,3,47999.9995,-1
1295,16336,1,1,46993.0865,-1
1296,16336,2,2,47982.2543,-1
1297,16336,3,3,47999.9995,-1
1298,16337,1,1,28937.1429,-1
1299,16337,2,2,28937.1429,-1
1300,16337,3,3,28937.1429,-1
1301,16338,1,1,46993.0865,-1
1302,16338,2,2,47982.2543,-1
1303,16338,3,3,47999.9995,-1
1304,16339,1,1,519853.6723,-1
1305,16339,2,2,519853.6723,-1
1306,16339,3,3,519853.6723,-1
1307,16340,1,1,260,-1
1308,16340,2,2,260,-1
1309,16340,3,3,260,-1
1310,16341,1,1,4878.9022,-1
1311,16341,2,2,4878.9022,-1
1312,16341,3,3,4878.9022,-1
1313,16342,1,1,332938,-1
1314,16342,2,2,332938,-1
1315,16342,3,3,332938,-1
1316,16343,1,1,10925,-1
1317,16343,2,2,10925,-1
1318,16343,3,3,10925,-1
1319,16344,1,1,216060,-1
1320,16344,2,2,216060,-1
1321,16344,3,3,216060,-1
1322,16345,1,1,2488.6555,-1
1323,16345,2,2,2488.6555,-1
1324,16345,3,3,2488.6555,-1
1325,16346,1,1,105833.8384,-1
1326,16346,2,2,105836.4287,-1
1327,16346,3,3,105837.9301,-1
1328,16347,1,1,217836,-1
1329,16347,2,2,217836,-1
1330,16347,3,3,217836,-1
1331,16348,1,1,7782.7994,-1
1332,16348,2,2,7782.7994,-1
1333,16348,3,3,7782.7994,-1
1334,16349,1,1,26100,-1
1335,16349,2,2,26100,-1
1336,16349,3,3,26100,-1
1337,16350,1,1,3615.579,-1
1338,16350,2,2,3615.579,-1
1339,16350,3,3,3615.579,-1
1340,16351,1,1,210626.3942,-1
1341,16351,2,2,210626.3942,-1
1342,16351,3,3,210626.3942,-1
1343,16352,1,1,2856960,-1
1344,16352,2,2,2856960,-1
1345,16352,3,3,2856960,-1
1346,16353,1,1,98769.0164,-1
1347,16353,2,2,98769.0164,-1
1348,16353,3,3,98769.0164,-1
1349,16354,1,1,565939,-1
1350,16354,2,2,565939,-1
1351,16354,3,3,565939,-1
1352,16355,1,1,49788.1891,-1
1353,16355,2,2,49788.1891,-1
1354,16355,3,3,49788.1891,-1
1355,16356,1,1,53611.8786,-1
1356,16356,2,2,53611.8786,-1
1357,16356,3,3,53611.8786,-1
1358,16357,1,1,32364,-1
1359,16357,2,2,32364,-1
1360,16357,3,3,32364,-1
1361,16358,1,1,189627.9453,-1
1362,16358,2,2,189627.9453,-1
1363,16358,3,3,189627.9453,-1
1364,16359,1,1,19355.9452,-1
1365,16359,2,2,19355.9452,-1
1366,16359,3,3,19355.9452,-1
1367,16360,1,1,12758.1268,-1
1368,16360,2,2,12758.1268,-1
1369,16360,3,3,12758.1268,-1
1370,16361,1,1,8271.3446,-1
1371,16361,2,2,8271.3446,-1
1372,16361,3,3,8271.3446,-1
1373,16362,1,1,660127.7415,-1
1374,16362,2,2,660127.7415,-1
1375,16362,3,3,660127.7415,-1
1376,16363,1,1,31762,-1
1377,16363,2,2,31762,-1
1378,16363,3,3,31762,-1
1379,16364,1,1,75299.394,-1
1380,16364,2,2,75349.5953,-1
1381,16364,3,3,75349.9997,-1
1382,16366,1,1,131282.0536,-1
1383,16366,2,2,131282.0536,-1
1384,16366,3,3,131282.0536,-1
1385,16370,1,1,204308.7041,-1
1386,16370,2,2,203614.9775,-1
1387,16370,3,3,200628.241,-1
1388,16371,1,1,145688.19,-1
1389,16371,2,2,145688.19,-1
1390,16371,3,3,145688.19,-1
1391,16372,1,1,2550,-1
1392,16372,2,2,2550,-1
1393,16372,3,3,2550,-1
1394,16428,1,1,578550.4,-1
1395,16428,2,2,598197.01,-1
1396,16428,3,3,596333.76,-1
1397,16429,1,1,1390633.53,-1
1398,16429,2,2,1395806.5,-1
1399,16429,3,3,1398643.79,-1
1400,16459,1,1,0,-1
1401,16459,2,2,0,-1
1402,16459,3,3,0,-1
1403,16460,1,1,0,-1
1404,16460,2,2,0,-1
1405,16460,3,3,0,-1
1406,16461,1,1,0,-1
1407,16461,2,2,0,-1
1408,16461,3,3,0,-1
1409,16479,1,1,0,-1
1410,16479,2,2,0,-1
1411,16479,3,3,0,-1
1412,16480,1,1,141956,-1
1413,16480,2,2,141956,-1
1414,16480,3,3,141956,-1
1415,16481,1,1,200772,-1
1416,16481,2,2,200772,-1
1417,16481,3,3,200772,-1
1418,16494,1,1,353285.83,-1
1419,16494,2,2,353285.83,-1
1420,16494,3,3,353039.98,-1
1421,16495,1,1,379280.71,-1
1422,16495,2,2,379280.71,-1
1423,16495,3,3,379280.71,-1
1424,16496,1,1,278397.84,-1
1425,16496,2,2,278397.84,-1
1426,16496,3,3,287917.15,-1
1427,16498,1,1,417634.42,-1
1428,16498,2,2,417634.42,-1
1429,16498,3,3,417343.79,-1
1430,16499,1,1,591933.19,-1
1431,16499,2,2,591933.19,-1
1432,16499,3,3,591521.27,-1
1433,16500,1,1,442930.13,-1
1434,16500,2,2,442930.13,-1
1435,16500,3,3,442930.13,-1
1436,16501,1,1,439483.41,-1
1437,16501,2,2,439483.41,-1
1438,16501,3,3,439483.41,-1
1439,16502,1,1,533087.03,-1
1440,16502,2,2,533087.03,-1
1441,16502,3,3,533087.03,-1
1442,16503,1,1,604144.92,-1
1443,16503,2,2,604144.92,-1
1444,16503,3,3,604144.92,-1
1445,16504,1,1,732890.5,-1
1446,16504,2,2,732890.5,-1
1447,16504,3,3,732890.5,-1
1448,16505,1,1,409153.12,-1
1449,16505,2,2,409153.12,-1
1450,16505,3,3,409153.12,-1
1451,16506,1,1,1149274.86,-1
1452,16506,2,2,1149274.86,-1
1453,16506,3,3,1149274.86,-1
1454,16507,1,1,1617326.07,-1
1455,16507,2,2,1617326.07,-1
1456,16507,3,3,1617326.07,-1
1457,16508,1,1,370342.39,-1
1458,16508,2,2,370342.39,-1
1459,16508,3,3,383005.56,-1
1460,16509,1,1,425425.54,-1
1461,16509,2,2,425425.54,-1
1462,16509,3,3,439972.18,-1
1463,16510,1,1,359753.41,-1
1464,16510,2,2,359753.41,-1
1465,16510,3,3,359753.41,-1
1466,16511,1,1,299265.49,-1
1467,16511,2,2,299265.49,-1
1468,16511,3,3,309498.33,-1
1469,16512,1,1,207134.94,-1
1470,16512,2,2,207134.94,-1
1471,16512,3,3,207134.94,-1
